AccessID,CustomerID,AccessDate,AccessCategory,PageViewed,Duration,DeviceType,BrowserType,IP_Address,ReferrerURL,GeoLocation,SessionID
1,18,2023-12-21 10:09:30,Without,blog/main,448,Tablet,Safari,119.61.45.56,http://www.hardin.info/tagabout.html,Solomon Islands,9a38abb8-a867-4be5-a6f9-55a5f78611a1
2,70,2023-09-27 12:21:42,Move,search,568,Mobile,Safari,161.119.80.3,http://carter-randall.com/wp-content/category/apppost.htm,Monaco,6b14f506-f9b9-43a1-8af5-68187ef3f7c2
3,14,2024-03-31 20:18:48,Answer,tag/blog/app,574,Mobile,Safari,176.143.251.29,https://www.larson-austin.com/main/blog/categorypost.htm,Paraguay,9c8b8cf5-0143-4da1-ad5a-a31adec3ee3e
4,72,2023-06-28 21:09:14,Western,search/app/posts,235,Mobile,Edge,37.69.47.66,http://dawson.com/categories/tagcategory.html,Brazil,e6091e7a-a91b-4891-b196-2f948cff27df
5,94,2023-09-26 22:27:03,Case,main/main,325,Desktop,Safari,15.178.248.29,https://www.reyes-leonard.org/categories/appterms.asp,Senegal,2d9e5822-6698-4af3-9d15-ab5956743918
6,25,2024-05-05 15:28:41,Letter,main,268,Tablet,Edge,161.15.102.241,http://www.reilly-jones.com/tagindex.asp,Western Sahara,9c078495-6389-4215-bff1-c38c69d5e616
7,20,2024-03-04 11:18:01,Imagine,tag,166,Desktop,Safari,54.83.150.64,https://www.hartman-garcia.com/wp-content/blog/appmain.htm,Timor-Leste,12f62893-62c6-4c8a-abb5-0305d5895909
8,58,2024-03-13 05:32:27,If,explore/list/main,358,Tablet,Opera,190.125.120.34,http://miller.info/tagssearch.htm,Nigeria,98a87cc9-1123-4a6f-b113-c924c8110c14
9,19,2023-09-18 08:26:08,Turn,posts/tag/blog,6,Desktop,Chrome,170.180.180.173,http://www.meyers-hill.com/posts/categories/searchprivacy.htm,Aruba,4d18d269-8ec0-4b15-8557-b0de3a57c56f
10,90,2023-11-24 15:25:49,Pressure,tag/categories,219,Desktop,Edge,59.51.106.59,http://www.brown.com/tags/bloghomepage.htm,Morocco,47158528-3a48-431c-b78b-ca43b4423ba4
11,46,2024-01-16 12:47:48,Skill,tags,228,Mobile,Chrome,221.150.42.14,http://www.fowler-sims.com/tag/explore/taghome.php,Uganda,4c80f087-326c-4243-9264-073c0ec213b9
12,78,2023-08-31 09:40:38,Eat,search/posts/app,70,Mobile,Safari,158.36.150.59,http://hendrix-schmidt.info/posts/mainhomepage.php,Zimbabwe,283bb9f8-13bd-4990-a575-aed5c2b06ce3
13,22,2024-03-01 23:44:37,Southern,list/category/categories,100,Desktop,Opera,143.113.15.223,http://www.phillips.com/tag/categorieshome.html,Montserrat,61e42001-42d1-435f-8fd3-5c24d74c48be
14,40,2023-10-31 21:43:48,Population,search/blog/blog,528,Tablet,Firefox,161.173.207.157,http://gray-mckenzie.com/categoryregister.htm,Australia,ab52fb38-66b5-4e0d-8ae5-9a48ae1328d0
15,70,2024-05-05 03:42:58,Range,main,200,Tablet,Opera,58.227.36.142,http://www.ho-fields.com/app/posts/listpost.php,Reunion,f3c64f5c-5823-4967-a61f-b9c466c8721f
16,12,2023-08-15 04:29:21,Trade,tags/tags/list,424,Desktop,Chrome,8.232.106.239,http://www.taylor.com/listabout.php,French Polynesia,92ad6013-c4be-4807-9b5f-728dfafb3db6
17,38,2024-05-18 00:21:25,Ok,category/wp-content/explore,529,Tablet,Edge,25.80.128.38,http://www.doyle.com/main/tag/explorecategory.jsp,France,dbed6011-ff55-4c0c-b9cb-81c4e528782b
18,14,2023-07-21 22:49:55,Buy,category/category,169,Desktop,Firefox,39.240.240.173,http://walker.com/search/app/blogregister.htm,Somalia,322b970d-50d8-4c66-9051-7e6d2daf2f4d
19,76,2024-03-31 23:26:52,Consumer,tag,249,Tablet,Opera,41.246.209.15,https://smith.com/list/appprivacy.asp,Ukraine,b8e177b9-1bb2-40fa-9e51-a54333b0e019
20,53,2023-11-13 19:34:40,Bill,posts,12,Tablet,Chrome,146.176.154.13,http://www.gallegos.net/posts/wp-content/appterms.php,United Kingdom,5b47cc11-4f0b-437f-8935-657f54c560e8
21,30,2023-07-17 11:35:35,Receive,posts/posts,573,Tablet,Firefox,108.134.175.215,https://www.matthews.com/tag/categoryfaq.htm,Saint Martin,613362e6-81f9-4953-b8fd-7ffa9872e16d
22,73,2024-02-01 04:38:48,Understand,posts/wp-content,176,Desktop,Safari,31.211.43.181,http://patton.com/categories/search/postsprivacy.html,Swaziland,84d6e3c8-393b-4e95-a039-ea6900029f89
23,18,2023-10-27 12:20:28,Serve,search,18,Mobile,Firefox,123.255.94.178,https://white.info/category/category/tagspost.htm,Sri Lanka,d7c1ecab-c86b-47dd-b197-70bd7092c434
24,7,2023-06-23 01:43:39,Country,search/posts,289,Desktop,Safari,201.211.117.148,https://austin.com/explore/app/listsearch.html,San Marino,fab05912-8354-43c2-a9ea-94f526c9d780
25,95,2023-09-10 12:18:42,Entire,tags/main/posts,369,Mobile,Opera,143.76.52.48,http://smith.biz/wp-content/wp-contenthomepage.html,Saint Kitts and Nevis,eddef3ae-b95d-4676-b38e-7b9e9c828947
26,69,2023-06-20 11:58:18,First,categories/blog,585,Desktop,Opera,10.244.138.68,http://www.johnson.com/blogprivacy.php,Ukraine,ba12c260-c5e0-41b0-84fe-cfd923bc28ed
27,52,2024-01-25 15:43:29,Art,tags/tag,211,Mobile,Opera,7.175.156.246,https://www.may.net/categorieslogin.php,Lebanon,59463e8f-bfce-4ee8-81d9-23a2721d0f5b
28,4,2023-08-21 13:02:17,Into,search/app,70,Desktop,Edge,156.138.80.115,https://kennedy-sparks.org/listfaq.htm,Cook Islands,56c20f40-d494-4a71-8397-7a7f8e4f770b
29,48,2023-11-10 03:53:07,Road,blog/list,273,Desktop,Chrome,43.180.112.177,https://cain.com/exploreindex.html,Namibia,f96ad750-f3ef-4d15-b765-91a509679768
30,49,2023-10-27 20:09:59,Model,explore/tags,523,Tablet,Safari,157.193.233.169,https://gutierrez-smith.biz/posts/searchhome.asp,Libyan Arab Jamahiriya,4ed84f2e-32c6-46fb-958a-ddd9a6edc6f1
31,24,2024-04-09 00:29:04,Foot,wp-content/category/main,525,Tablet,Chrome,62.213.167.146,https://hall-morales.org/tagterms.html,Ethiopia,3a7c1eab-bc3a-4f67-8620-3409b1f092c0
32,40,2023-09-26 12:46:00,Congress,categories/app/list,465,Mobile,Safari,75.24.152.217,https://www.mayo.com/wp-contentmain.php,Saint Helena,efcd2fc0-0929-42ff-b157-10642d0ee535
33,98,2023-12-16 23:10:54,Product,main/blog,327,Desktop,Chrome,33.175.12.146,https://velazquez.info/categories/postspost.php,India,68c028a3-6980-4700-8fa9-a19a05caf243
34,71,2024-06-15 03:40:05,Then,wp-content/tag,162,Mobile,Opera,48.68.168.63,http://www.bailey.org/tag/listterms.html,Seychelles,de29aad7-5abd-4343-9c5d-ea06ad24175a
35,64,2023-10-27 03:10:05,Blood,blog,588,Tablet,Safari,192.49.113.46,https://morales-short.net/apphomepage.php,Belgium,68535f41-596f-4aee-96fb-b7cc94f4d6a7
36,31,2024-03-22 01:52:05,Process,main,170,Tablet,Firefox,144.152.177.157,http://garrett.com/categories/explore/categoryregister.php,United States of America,b56a44f4-e2e5-4319-bacc-e40010475ff6
37,71,2023-09-09 12:32:23,Weight,tags/list/category,507,Desktop,Opera,176.128.121.245,https://www.perez.info/categories/tagsfaq.html,Norway,eee18ce8-2b53-4110-8432-9b6aeb2b48dc
38,85,2023-10-21 00:14:30,Just,blog,38,Desktop,Opera,110.49.37.117,http://www.stanley.com/category/main/postsfaq.asp,Lebanon,5c1a20da-6f31-461a-888b-fd4899ea4cab
39,59,2023-12-22 15:35:33,Onto,tags/blog/explore,277,Mobile,Edge,70.60.143.209,http://armstrong.com/posts/categoriescategory.htm,Saint Barthelemy,9e645f62-f8cc-4266-894d-b9729d67c401
40,57,2024-03-12 01:56:14,Case,categories,205,Tablet,Firefox,49.185.179.22,https://simpson-martinez.com/posts/categories/categorysearch.html,Lithuania,8cf38b2a-0a8e-417c-aecb-17d49eaf58c3
41,60,2023-10-28 04:24:09,View,wp-content,319,Mobile,Firefox,29.145.112.253,http://alvarez.com/blogauthor.php,Chad,1499c773-8253-4946-8116-0d333b33f6d8
42,65,2024-03-31 09:07:50,Camera,search,103,Mobile,Chrome,46.159.97.186,http://jacobs.com/blog/categorieslogin.htm,Micronesia,ce351597-e46e-4144-a1e8-7eb2d6ea3972
43,50,2023-10-23 12:38:13,Including,posts/search/tags,531,Mobile,Safari,12.206.220.219,https://www.williams.biz/category/posts/explorepost.php,Cambodia,94dd6cfd-79e0-452c-96ad-086c6182db22
44,26,2023-09-26 23:53:48,Area,wp-content/list/list,165,Mobile,Edge,131.130.157.40,http://anderson.info/appprivacy.html,Belgium,ae008b7b-4730-4c14-b562-94a12946cef2
45,72,2024-04-18 07:34:32,Mrs,tag/tag/search,291,Desktop,Opera,108.67.62.253,https://www.chandler-paul.net/categories/explore/categoriesregister.asp,Belize,64a3ab68-ee5c-4a1d-aa74-0f279f3be601
46,54,2024-03-18 04:20:33,Once,category,480,Mobile,Opera,32.11.39.48,https://gomez-baker.net/wp-content/blog/postscategory.htm,Mali,db238612-863e-4d19-83de-56221ff94f7c
47,23,2024-05-04 04:19:11,Three,main,32,Mobile,Chrome,113.49.125.4,http://flores-tate.info/main/main/exploreauthor.jsp,Saint Barthelemy,38c3f5f9-7110-4116-88db-8f53bbfd48d7
48,73,2023-11-03 03:45:09,Character,list,208,Tablet,Firefox,33.28.150.86,https://www.thomas.net/tagfaq.html,Suriname,9519bf54-1e9b-4fdc-8ed1-2322c6521080
49,62,2023-09-25 19:09:06,Glass,app/search,78,Mobile,Safari,67.144.161.197,https://strickland-brown.net/wp-contentcategory.html,Chad,5dbd0cbc-f539-4b57-8213-6662eabb40f7
50,63,2024-03-01 10:54:37,East,main,532,Mobile,Opera,130.86.180.201,https://ritter-smith.com/blog/tag/exploreauthor.php,Iran,60788752-e78d-4314-92de-b258a8952bc2
51,62,2024-03-02 14:21:54,Reality,posts/search/blog,170,Tablet,Chrome,36.168.113.54,https://www.walsh.com/categoriesindex.asp,Czech Republic,56ccf7c5-4808-4260-a99a-e86f2755db48
52,99,2024-05-24 07:56:25,Always,posts/explore,303,Tablet,Safari,8.39.177.49,https://johnson.com/category/explorepost.html,Indonesia,6d21ab5d-0821-497f-8450-d5b6548bd53d
53,30,2024-03-14 12:56:16,Be,categories/wp-content,138,Mobile,Firefox,129.252.65.175,http://www.washington-thomas.com/posts/posts/tagprivacy.php,Argentina,2e23a2ad-2e91-45db-bc2d-df8b480e3e7f
54,48,2023-09-07 20:19:46,Me,tags/categories,310,Desktop,Opera,116.177.10.206,http://johns.info/main/explore/blogpost.html,Cote d'Ivoire,d20e7ba3-05ee-4567-b8f2-46f9ed74a2e2
55,39,2023-12-23 17:22:54,Try,tag,470,Desktop,Chrome,218.37.222.52,https://bailey-ramirez.biz/wp-contentmain.htm,Ecuador,57cc9564-b482-4bc2-a4a7-d2413658f66e
56,13,2023-11-25 05:06:13,Foreign,main/list,312,Tablet,Firefox,18.104.210.196,http://lewis.info/posts/wp-content/tagscategory.php,South Africa,168a4695-299b-46de-8e67-5046a1c31e37
57,14,2023-07-01 16:38:22,After,tag/blog/search,158,Mobile,Safari,11.248.22.36,https://lee.com/tag/search/maincategory.html,Oman,ac9c4427-f91e-48ba-a42a-139f11850dce
58,68,2023-12-20 20:38:13,Feeling,tag/search/list,272,Mobile,Edge,74.169.129.94,https://www.williams.net/tag/category/wp-contentfaq.html,Guyana,7d9f2079-91f4-4f4e-904b-cb73d2602634
59,77,2024-04-03 20:50:22,Game,tags,356,Mobile,Firefox,138.97.154.187,https://mitchell.com/main/categoryfaq.asp,Maldives,3f45199f-aa17-4110-b56a-5b1cd613760f
60,72,2023-06-26 15:29:51,Light,tags/tags/tag,17,Mobile,Edge,102.89.97.72,https://schroeder.com/blogregister.php,Namibia,67e740e8-719f-4fde-8c19-307f1f9f0f36
61,84,2023-09-27 08:08:03,Voice,app,559,Mobile,Safari,138.43.62.155,https://white.com/main/app/taghome.jsp,Nepal,d6fd5d51-e8d5-4c3a-aa6d-9992b30ad18f
62,88,2023-12-19 09:05:36,Need,search,515,Mobile,Safari,125.92.126.217,https://wilson.com/postsmain.html,Christmas Island,b84ee1e7-0825-40d4-8e63-574f790cef35
63,61,2023-09-23 14:27:10,Success,explore,3,Mobile,Firefox,186.47.137.174,https://villarreal-hamilton.biz/searchhomepage.html,Comoros,5d3be782-68c7-41cb-b365-ada727721527
64,76,2024-04-15 03:33:59,Sell,explore/posts/wp-content,120,Desktop,Firefox,85.61.55.209,http://hammond.net/bloghomepage.html,New Zealand,a40e69f6-8ed5-45b8-8167-6bcdcb919cb2
65,59,2023-10-07 07:31:17,That,wp-content,4,Tablet,Edge,174.26.42.207,http://hill.com/mainhomepage.php,Bangladesh,fceb4ec5-b991-479f-b8be-78107a460231
66,62,2023-07-31 09:14:59,Green,wp-content/tags/app,396,Tablet,Safari,184.173.185.81,http://www.woods.com/explorefaq.php,Moldova,09861006-4135-4db8-a493-84c02d61e141
67,65,2023-12-05 07:26:52,Listen,wp-content/search/tags,231,Desktop,Firefox,45.24.23.201,https://hunter.info/tagssearch.php,Ecuador,d2a5b5d3-d062-49b7-a6a4-f2872daa781a
68,51,2023-08-26 16:51:19,Structure,list/posts,195,Mobile,Chrome,3.190.135.21,https://white.org/explore/wp-content/postsregister.htm,India,9890ad4d-28c7-41aa-80e0-9fc96ee2be77
69,36,2023-12-24 15:42:22,Want,main/search,499,Mobile,Edge,204.32.125.183,https://garcia.info/main/explorehome.html,Eritrea,0c8182ec-55e3-4940-ae34-bcdd38bddc04
70,25,2024-02-25 04:08:45,Fly,explore,167,Tablet,Edge,181.70.216.113,https://www.johnson.com/wp-contentterms.html,Kyrgyz Republic,c73385e1-2740-4638-84c2-65f937fbf7e5
71,84,2023-11-07 04:04:34,Five,explore/categories,557,Mobile,Opera,162.92.219.248,https://steele.com/bloghomepage.htm,Sri Lanka,bb709593-18f7-43a9-828b-e109a437a8a7
72,22,2024-02-05 10:26:47,Enter,wp-content,24,Tablet,Firefox,72.141.52.201,https://www.hampton-hughes.net/categoriesindex.php,Latvia,fc8d9393-4088-4e90-8960-a75fefdb694e
73,56,2023-12-11 08:29:15,Treatment,list/list/tag,12,Mobile,Opera,115.124.225.147,https://www.miller-johnson.biz/list/main/categoriesprivacy.html,Andorra,6fb9c1fd-b48a-4f0a-a104-9dd161dd9eff
74,58,2024-02-05 23:00:22,Where,tag/categories,57,Mobile,Opera,98.222.85.154,https://jacobs.org/tags/categories/appterms.htm,Czech Republic,05ba59ec-ad10-4e6c-b2bd-3f182ee6c7fc
75,96,2024-06-14 01:57:19,Second,app/category,115,Mobile,Chrome,29.91.110.29,http://fisher.com/blogcategory.jsp,Mongolia,a3c0749d-60c4-45b0-8d5a-8ffc458ad455
76,99,2023-10-20 16:42:26,Society,tags,124,Desktop,Opera,116.95.238.191,http://jackson.info/tag/categories/searchhome.asp,Korea,27fe11d9-3d87-4e97-b3a8-64d4cd6a18f4
77,39,2023-12-12 17:12:35,Cover,blog/main/wp-content,115,Tablet,Firefox,18.62.185.253,http://casey.biz/blogterms.php,Niger,89ace964-144c-4b66-bebe-da0e4957df0e
78,80,2024-05-12 14:50:33,Policy,wp-content/tag/explore,578,Mobile,Firefox,29.117.78.173,https://martinez.com/list/listfaq.htm,Faroe Islands,c63b8ec7-fa09-4928-97ef-3920b6111fa5
79,73,2024-03-23 13:51:59,Able,explore,388,Desktop,Opera,155.30.61.119,http://mclean.com/category/searchregister.php,Cayman Islands,0a1f0ed7-ffe1-4d0b-b29e-56cf519d503d
80,63,2023-10-07 23:14:17,Can,categories/explore/posts,133,Mobile,Firefox,68.203.20.38,http://www.noble.net/mainpost.php,Malaysia,81943665-f655-4608-ab84-c3ba0ce12591
81,28,2024-05-30 14:56:27,Community,app/category,56,Tablet,Edge,76.110.3.121,https://www.richardson-dean.com/category/blogprivacy.php,Hungary,2b573023-61ad-4298-b943-188d7d9cac03
82,83,2024-06-06 08:11:39,Anyone,category/explore,76,Mobile,Edge,102.253.178.175,https://www.harrison-wyatt.com/tag/search/appcategory.php,Rwanda,cea33a77-ad1a-4791-b5c4-dcd71f1b268e
83,46,2023-09-08 12:42:15,Option,categories/list/tag,428,Tablet,Edge,198.81.51.236,http://www.castillo.net/categoryregister.php,Tunisia,a9b9455a-eef2-4138-89e6-8d8db4b29cce
84,57,2023-10-13 21:38:24,Particular,list,438,Mobile,Chrome,165.166.71.106,https://bell-sanchez.com/postshomepage.html,Togo,c9361df5-b427-455d-beab-d29d4bd116b5
85,63,2023-09-22 12:48:32,Large,tags,408,Desktop,Firefox,45.248.55.56,https://www.reed-hernandez.com/blog/search/postsregister.htm,Christmas Island,5179d7ad-1629-44ea-ac1b-a07e633a9c7d
86,12,2023-11-15 14:39:30,Sister,wp-content/blog/blog,229,Desktop,Chrome,51.228.107.219,http://schmidt-dalton.org/blogcategory.php,Belarus,eb7573b7-fbab-4040-9825-22065e17f599
87,31,2024-05-31 06:39:43,Build,posts/categories,60,Mobile,Opera,144.128.60.160,https://galvan.biz/categories/app/explorecategory.htm,Svalbard & Jan Mayen Islands,7372b20c-9caa-4fd1-ab1c-bff73164a5e1
88,50,2024-01-26 11:30:34,Religious,tag,598,Tablet,Firefox,20.68.105.109,https://www.robinson.info/main/search/searchabout.htm,Cuba,0217a97c-ae5b-4f9a-af39-9ac530342d46
89,46,2023-12-05 15:30:36,Four,category/explore,403,Tablet,Chrome,50.166.125.93,https://brown.com/explore/app/appregister.jsp,Bouvet Island (Bouvetoya),c286abec-e0a0-4de2-864d-c630c4c0331a
90,22,2024-05-16 17:19:51,Theory,categories,157,Tablet,Chrome,207.81.246.149,http://www.roberts.com/tagsmain.asp,Suriname,02191068-603a-44c6-86bd-6f1246c703f8
91,2,2023-10-01 12:18:29,Into,explore,552,Desktop,Firefox,213.246.201.139,http://oconnor.com/list/list/listsearch.html,New Zealand,14ca3269-7e87-42b3-b05c-160ceb73c405
92,33,2024-04-22 15:16:25,Bit,category/blog/explore,568,Tablet,Chrome,123.119.126.16,http://brown-snyder.org/listregister.html,Angola,d3a07063-8804-4cd6-92fc-5109b524d42f
93,99,2024-04-28 21:18:36,Test,app,593,Desktop,Firefox,125.216.10.109,http://www.schmidt-miller.info/tagshomepage.php,Uzbekistan,e27bf5f0-d3f8-4b9d-a58d-fe8954e8630b
94,61,2023-11-03 06:08:06,Her,wp-content/posts/tag,364,Tablet,Opera,102.237.223.249,http://www.hudson.com/posts/tagsauthor.php,Haiti,65395b69-b43e-4325-86b8-e5caf6b77b5e
95,81,2024-02-09 17:13:37,We,tags/app/category,511,Desktop,Chrome,84.211.245.1,https://www.wade.info/categoriesauthor.html,El Salvador,ae378381-b0ea-4bf3-bbec-5fb64dc43e9d
96,11,2023-11-18 13:08:34,For,categories,91,Desktop,Edge,188.232.207.3,https://www.rogers.com/blog/searchlogin.html,Russian Federation,b4b4c157-f2a8-41b4-9597-7cfd646ecce2
97,8,2024-05-20 20:13:37,Southern,category/wp-content,14,Tablet,Edge,3.10.229.165,http://www.smith.com/app/postscategory.php,Guinea-Bissau,68e5c8b5-822b-4419-9d89-6c234c614538
98,49,2024-03-28 05:04:24,Police,posts/categories/main,290,Tablet,Opera,138.252.92.201,https://abbott.com/explore/exploresearch.htm,Tuvalu,451d834d-746c-4a97-bd9f-0474bfa35021
99,74,2023-10-13 11:04:06,Model,categories/posts,51,Tablet,Firefox,31.29.235.115,https://www.everett.info/posts/search/blogregister.html,Saudi Arabia,f11d80ca-77a1-4095-808b-88ca9c243e13
100,91,2023-09-10 21:00:34,Policy,explore/explore/list,366,Desktop,Firefox,23.148.129.111,http://smith-cochran.info/blog/list/postsprivacy.htm,Bhutan,3cd9743d-6cca-453d-a6ed-2d2654e43816
101,71,2024-06-13 13:56:11,The,explore,138,Tablet,Edge,176.121.66.170,https://www.jackson-sullivan.com/postssearch.html,Kyrgyz Republic,6755be51-2a19-4d5d-91f8-405d662a9325
102,59,2023-10-29 21:20:15,Book,wp-content/wp-content,259,Mobile,Safari,193.117.145.153,https://forbes-duke.biz/tag/search/wp-contentregister.html,Cayman Islands,b553663f-3f43-4908-a543-814182b3e1a8
103,42,2023-11-20 02:38:19,Skill,main,557,Tablet,Chrome,38.243.108.174,http://www.gibson-johnson.com/posts/wp-content/categoryhome.htm,Paraguay,cc37ddaa-33b7-4dd9-937c-9c0df8f008e9
104,2,2023-07-27 18:22:05,Anyone,search/categories/category,109,Desktop,Opera,136.168.181.36,https://www.crane-vega.com/posts/app/categorieslogin.jsp,Switzerland,adbaa2ca-00d5-4e62-bfe7-fc58a9c009ba
105,45,2023-10-16 03:35:45,Two,tag/categories/categories,235,Mobile,Edge,7.191.233.68,https://www.sharp.com/categoryindex.htm,Norway,30e8a8ae-30b0-49ab-965b-241f89cf0950
106,68,2024-02-13 13:46:29,Medical,blog,312,Desktop,Edge,130.57.116.20,http://smith.com/search/explore/listmain.html,Faroe Islands,d3670f27-2e2d-4d2f-aa14-e64c1856812a
107,53,2024-01-11 12:14:31,Offer,wp-content,447,Mobile,Firefox,140.107.248.172,http://www.price.com/categories/wp-content/wp-contentlogin.html,Botswana,765c533d-e45b-403a-aa00-99541531aac1
108,25,2023-11-22 12:22:04,Indicate,main,402,Desktop,Edge,106.139.123.136,https://www.foster.net/listauthor.html,India,0e2551b3-469c-4b3c-88ae-b447fe4272ce
109,42,2023-07-02 01:16:52,Play,main/posts/explore,57,Desktop,Opera,223.5.7.0,http://www.stone.com/searchhomepage.jsp,Sao Tome and Principe,4616dfe8-9afc-4a67-af35-32911a0ecc99
110,34,2023-09-04 19:28:30,Work,wp-content/category,485,Desktop,Firefox,119.230.54.19,http://davis.com/tag/list/wp-contentindex.asp,Saint Barthelemy,37fb477b-4a1b-4301-b787-c1d4e23c0360
111,91,2023-09-15 02:08:09,Individual,blog/app/tag,239,Tablet,Opera,121.9.161.22,http://freeman.com/taghome.html,French Southern Territories,05de393b-a852-4456-8baa-20a886c83f33
112,36,2024-05-08 06:11:51,Baby,search,59,Tablet,Safari,161.106.12.139,http://sullivan.biz/categories/tag/tagsterms.html,Pitcairn Islands,fa8fc9b6-5d6e-4a30-81dc-8fd0ab2f6ff6
113,22,2023-06-25 16:31:03,Pass,list/wp-content/main,140,Tablet,Opera,185.198.225.66,https://www.sherman-ryan.org/tag/tagauthor.html,Bolivia,795866d6-6a58-4d4b-a535-73fe7b47a5cd
114,2,2024-03-14 12:17:30,Detail,main/wp-content,591,Mobile,Opera,205.127.204.189,https://chen-richards.com/explorepost.html,Guyana,33016742-ccaa-49cf-a2cc-591b561a6035
115,11,2023-10-05 17:11:45,Avoid,explore/tags/search,353,Tablet,Firefox,206.112.67.65,https://hill-leach.org/listmain.html,Kenya,55ff8f73-5619-492d-82ed-852ae8c10981
116,42,2023-09-06 01:23:30,Military,category/app/category,523,Mobile,Edge,85.107.131.145,https://mills.com/explore/categoryterms.asp,Christmas Island,1794f868-973a-4c02-ac38-090aec968882
117,35,2024-05-04 06:05:17,Become,wp-content,482,Mobile,Opera,157.199.243.98,http://simpson.org/categories/tag/postsregister.php,Norway,05b3a0a0-c50c-4585-a307-a8e3dd53f86d
118,87,2023-11-19 09:21:02,Face,categories/categories/categories,193,Desktop,Safari,47.9.210.79,http://www.preston.net/wp-content/list/mainprivacy.php,Niger,e8717a68-6a00-461b-a5a9-2e1da467e20d
119,75,2023-11-29 23:20:54,Way,posts/tag,163,Tablet,Edge,102.35.4.170,https://collins.com/appcategory.php,Thailand,e3b2926b-0ae7-4283-b386-17291566a64c
120,80,2023-11-03 04:50:33,Cultural,category/categories/app,495,Tablet,Opera,110.92.23.161,https://www.miller.com/tagprivacy.jsp,French Polynesia,2e1f2eff-6534-4caf-be64-29408bc1eac0
121,29,2023-12-07 14:03:28,Miss,tag/category/search,472,Tablet,Chrome,142.11.237.154,https://larson-lowe.com/tags/blogabout.html,Marshall Islands,44892b8a-f027-4bd6-ac62-5c06294606dd
122,79,2024-01-09 11:26:12,Care,search/posts/tags,588,Mobile,Edge,141.167.211.53,https://johnson.net/explore/search/categoriesmain.php,Lao People's Democratic Republic,fc6f73e1-4e50-4a58-9356-22c78e6bb965
123,62,2024-02-10 16:35:16,Speak,search,19,Tablet,Safari,195.63.10.129,https://www.kramer.com/search/wp-content/categoriescategory.jsp,Iran,0f6c76e8-79fa-4bdd-a067-06044e0957fc
124,99,2023-11-22 22:10:09,Agent,posts/explore,439,Desktop,Firefox,135.67.215.9,https://www.werner.com/bloghomepage.php,Burundi,952b7452-901c-4bad-9b6b-230f3f9256c7
125,28,2023-10-18 07:55:12,Trouble,posts/blog,136,Tablet,Safari,57.183.148.66,https://haas-bond.com/listfaq.htm,El Salvador,45406d97-42c3-4a95-87ab-6df2b83d8b31
126,57,2024-05-12 09:42:21,Seat,category,537,Desktop,Opera,85.191.254.35,http://www.martin.com/wp-content/exploresearch.htm,Niue,2c8cc444-a18f-4471-8d7c-103eed8bab0b
127,33,2024-06-10 10:13:30,Provide,category/list,381,Mobile,Safari,5.58.120.167,http://holt.com/taghome.php,Israel,b8ff53d0-30ce-4b6c-8c7d-cfa9ca0856be
128,23,2024-04-24 16:11:32,Network,category/tag,358,Tablet,Safari,60.106.248.225,http://www.russell-taylor.com/app/categories/searchhomepage.php,Niue,5cd46bfe-ea5d-4bff-9a1d-49f4b246cea5
129,81,2024-01-21 19:50:02,Whether,explore,16,Tablet,Firefox,83.213.6.181,https://www.smith.biz/category/categories/categoryterms.htm,Cook Islands,34b153ca-8a8d-43ba-b864-881b39dad401
130,65,2023-12-31 15:32:04,Involve,wp-content/main,179,Desktop,Opera,27.232.213.7,http://leblanc.com/listhomepage.html,Timor-Leste,57d736d5-ef0a-4f47-97c7-e75d31d4fbfd
131,97,2024-05-12 20:16:54,Peace,search/category/app,487,Tablet,Firefox,69.66.45.194,http://www.bell-melendez.com/tagshomepage.html,Saint Kitts and Nevis,3f172609-c813-45ae-98af-b7724ed7de82
132,89,2023-10-29 23:11:35,Process,blog/categories,58,Tablet,Chrome,214.175.252.240,http://johnson.org/categories/tag/blogmain.html,Russian Federation,86d42144-1d00-44c4-8862-b2f66edb55d0
133,76,2024-01-17 07:23:30,Kitchen,blog/posts,208,Desktop,Safari,30.22.225.130,http://hubbard.info/blog/tag/maincategory.jsp,Saudi Arabia,115aa4f2-2a33-4b6e-985a-030bd206181b
134,59,2023-06-21 03:19:19,Little,explore/tags/tags,129,Mobile,Edge,19.235.109.123,https://www.casey.biz/search/postsprivacy.html,American Samoa,68c0042b-a7a0-4338-8d76-5faa08875204
135,42,2023-12-20 06:49:20,Adult,list/blog,518,Mobile,Safari,189.53.161.164,http://foster-phillips.com/main/mainpost.php,Albania,67ec36b4-9e1f-45a8-909d-9c87c5cb7fb3
136,86,2024-01-25 14:52:54,Reflect,category,511,Desktop,Edge,129.4.197.104,http://www.fernandez.biz/list/wp-contentfaq.jsp,Singapore,47c5de50-01f9-41d3-8db2-a23096f0b93b
137,53,2023-08-12 22:25:45,Price,tags/posts/tag,269,Tablet,Chrome,92.83.145.149,https://www.kim-robinson.biz/app/listlogin.htm,Jordan,0ac24f65-8be6-4771-9a74-99edb10f49dc
138,43,2024-01-09 11:30:53,North,list/main,557,Mobile,Edge,88.50.188.154,http://michael.com/wp-content/mainmain.jsp,Trinidad and Tobago,d0744a99-5349-4987-9226-1adcd47a588e
139,24,2023-12-09 15:50:54,Community,tags/blog,359,Mobile,Chrome,40.147.98.214,https://www.moody-santos.com/exploreindex.jsp,Iraq,dfd792ba-96ca-4bc8-827e-d4a5deba647a
140,67,2024-02-09 03:44:10,Single,main/categories,81,Mobile,Opera,135.208.46.241,http://www.williamson.org/search/category/blogregister.html,Turkmenistan,238aef92-ba4b-4279-aa35-cdbe3cebf644
141,87,2024-06-16 10:52:38,Simply,wp-content/main,559,Tablet,Opera,142.221.236.0,https://www.ramirez.info/wp-contentlogin.html,Slovakia (Slovak Republic),9c1bfa48-7c44-48d0-91b0-2ca446aed3c2
142,9,2024-03-24 03:11:19,Available,app/posts/search,528,Tablet,Opera,166.141.126.99,https://wilson-nguyen.net/blog/wp-content/blogpost.html,Antigua and Barbuda,f30b6e53-4fad-45e0-9c8a-02e87f21e4df
143,2,2023-10-05 06:22:47,North,categories/explore/categories,48,Desktop,Firefox,199.219.83.236,http://www.clay.com/blogauthor.php,Brazil,1c6b02f1-f307-4a31-9030-6c0b315a51e3
144,52,2024-01-06 15:48:20,Under,blog/categories/blog,205,Tablet,Chrome,35.103.21.117,https://www.young.biz/list/mainfaq.html,Benin,2cae1129-d1eb-48d6-b8a8-59b041840c31
145,76,2024-03-09 08:19:08,Energy,tag,522,Mobile,Safari,121.237.166.227,https://www.acosta.com/main/explore/postsabout.html,Turkey,16195791-8b48-4c93-9e23-cbbde0ece873
146,41,2023-08-15 12:27:16,Do,wp-content/categories,297,Tablet,Chrome,56.234.153.102,https://www.diaz-ramirez.org/mainpost.html,El Salvador,8ff7302f-9f44-4e7e-8754-5e68baad3b6f
147,1,2023-10-06 10:33:11,Particular,search/posts,157,Mobile,Chrome,18.27.224.152,https://lynch-jackson.info/blog/searchsearch.htm,Martinique,2e48e11d-f6fc-40cb-a4fc-6e4737419ba9
148,75,2023-10-08 11:23:57,Not,wp-content,559,Desktop,Chrome,92.54.89.217,https://www.vargas.info/postsauthor.html,Germany,ee5fa63b-8552-4537-867f-8275b649c99d
149,36,2023-06-22 05:54:47,Change,blog,187,Desktop,Chrome,84.103.89.48,http://lara.biz/blogmain.php,Netherlands Antilles,9208fc73-ec6d-4e0a-9246-d58e9e1d3a5e
150,45,2024-01-01 11:38:26,Low,search,363,Mobile,Firefox,35.240.203.207,https://www.whitney.com/search/category/searchindex.html,San Marino,a29b3788-38f0-48e5-93cd-ed0181a1c89b
151,78,2024-01-15 16:16:31,See,categories,211,Desktop,Firefox,163.32.55.85,http://barrera-schroeder.biz/tagsauthor.php,Saudi Arabia,82eb1862-1e8e-43ce-ab79-8895d33bec01
152,78,2024-04-22 21:00:21,Answer,category/explore,303,Desktop,Opera,71.250.154.23,https://ramirez-taylor.com/blog/wp-contentterms.html,Moldova,76f3e1bf-e2fb-437a-a717-81ead608e69c
153,7,2024-05-31 06:28:02,Seem,main,562,Desktop,Safari,202.222.164.194,http://conrad.biz/categoriescategory.htm,Gibraltar,3ea1910d-8c85-4dff-b006-36f9038b29e1
154,19,2024-02-22 19:07:29,Kind,tag/tags/categories,559,Tablet,Chrome,174.45.228.167,https://andrews.com/applogin.htm,Palau,f98ed1c0-fc47-4ae3-9eea-af4e1b7dc5d8
155,79,2024-06-02 15:42:41,Civil,posts,409,Mobile,Safari,64.171.251.212,https://www.escobar.com/main/tagsindex.jsp,Guadeloupe,71371e62-0d04-42eb-9501-a8853f16bdda
156,89,2023-07-24 02:29:56,Others,category,515,Tablet,Safari,206.186.250.128,https://harris.org/categories/explorelogin.html,Faroe Islands,d0631c20-9cd8-43fc-a873-eb5c7bf99b02
157,89,2023-07-04 07:26:30,Discover,category,565,Mobile,Firefox,60.131.6.248,http://www.smith-owens.com/search/category/categoryprivacy.html,Uruguay,af8b3410-05c9-46ba-b464-e18c8fe29c31
158,54,2023-08-04 07:41:56,Listen,app,584,Tablet,Chrome,11.129.202.233,https://moreno.net/app/appmain.php,Dominica,9fbbbd97-6ebd-4802-9e74-6c03ad831a1f
159,3,2024-06-05 22:11:40,Hard,main,589,Desktop,Chrome,150.194.196.74,http://www.williams.com/main/appauthor.html,Zimbabwe,efd5b762-9fab-4b15-84e5-873fd16d90d0
160,68,2023-07-15 05:23:14,Begin,posts/search/category,141,Desktop,Edge,61.139.169.85,https://king.com/tags/categories/blogterms.htm,Mauritius,6146419c-fdba-4d20-8636-1dfc3e0583b9
161,92,2023-08-19 06:18:17,You,categories/tags,503,Tablet,Firefox,27.184.161.82,http://williams.com/tag/posts/postsindex.htm,Andorra,65b31804-083a-4ff9-8ae8-5473dffeddd8
162,73,2024-01-02 17:54:03,Argue,tags/posts/tags,197,Mobile,Chrome,155.68.158.66,http://www.smith.com/tags/searchabout.html,Zambia,3c4fb6d3-3d26-48d0-b494-4233de0f50ec
163,26,2023-08-18 02:42:32,Happen,explore,48,Desktop,Opera,107.65.26.44,https://wright.com/app/explorepost.jsp,Estonia,43dd9b79-b88e-4728-b1b7-57e136fa655e
164,46,2023-10-28 04:59:12,Personal,tag/search,198,Mobile,Safari,129.160.73.55,https://lawson-massey.org/list/tags/apphome.php,Trinidad and Tobago,22aeda20-cd56-4725-906d-9c65ab4cccfd
165,39,2024-05-23 19:47:27,Question,list/list,523,Mobile,Safari,15.182.24.96,https://zhang-archer.com/wp-contentpost.php,Yemen,5fe41fa6-38f3-4d1c-899a-f0e74e0cd4b2
166,78,2023-09-05 17:03:47,She,categories/wp-content/blog,373,Mobile,Edge,44.235.225.147,https://spencer.com/explore/searchfaq.jsp,Haiti,e0d9a97f-66de-4996-8c74-879d0de04b04
167,2,2023-07-09 03:16:46,Hotel,list/tag/wp-content,198,Tablet,Chrome,144.194.26.97,http://lloyd-parsons.biz/wp-contentindex.htm,Bulgaria,9560c2bb-4249-48bc-8d42-faf796acfae7
168,82,2024-01-04 05:17:22,Drug,tag/blog,352,Mobile,Opera,36.19.137.74,http://moran-boyd.com/app/wp-content/explorepost.jsp,Aruba,e846d9a2-83df-46ca-afae-89e55d2d1621
169,54,2023-12-19 07:41:58,Whom,blog,98,Desktop,Edge,150.167.15.3,https://www.thompson.info/explore/categoriessearch.html,Armenia,116a27fd-6f96-48b7-9127-9f8f1c7386e6
170,2,2024-03-30 13:25:10,Treat,categories,54,Tablet,Chrome,44.230.184.123,https://www.moore-richardson.com/exploremain.html,Gambia,c72d7dca-1275-4be1-8ada-4230d5c181c5
171,57,2023-11-25 05:52:33,Trial,wp-content/explore,10,Desktop,Safari,18.104.223.98,http://wright.com/list/category/wp-contentregister.html,Timor-Leste,2c8908fe-f5b4-4acc-b132-6f6c1496ee78
172,14,2023-11-10 05:38:01,In,wp-content/app,405,Mobile,Chrome,177.76.62.37,https://sutton.com/app/categories/wp-contenthome.php,United States Virgin Islands,31be1edb-346b-4d1b-92f1-d5bf5ceebe40
173,54,2023-06-22 13:33:24,North,posts/categories/main,49,Tablet,Firefox,115.61.101.92,https://www.calderon.com/listsearch.php,Saudi Arabia,9c1e8452-e31c-49ba-9352-f634f5e1d678
174,34,2023-08-21 02:21:18,Senior,tag/blog,62,Tablet,Chrome,161.154.170.29,https://lin.com/blogindex.html,Uganda,4f689401-1c83-4dc7-8622-86e90b6df3eb
175,11,2023-10-26 19:18:30,Simply,wp-content,214,Tablet,Edge,120.218.251.48,http://www.ramos-williams.com/category/tagslogin.html,Hungary,9e4d9b59-8e80-4c87-8b65-4fecdfb677b8
176,47,2024-06-16 19:01:32,Government,posts/app,283,Mobile,Firefox,84.242.76.116,http://www.mendoza-jones.net/search/categoryterms.html,United States Minor Outlying Islands,160cd315-32e0-4a67-ae5c-8546cca6c764
177,22,2024-03-08 10:24:55,Mother,tags,162,Tablet,Edge,151.75.14.227,http://www.anderson-zimmerman.com/postshome.php,Grenada,ccf6ca87-a2b9-41a5-a634-e12a16c59741
178,45,2024-02-04 13:13:14,Not,wp-content/tag,18,Mobile,Edge,102.16.43.170,http://riddle.biz/app/appfaq.jsp,Timor-Leste,e5ca867b-2d52-4474-8767-f5cedc7ebddd
179,29,2023-11-25 06:58:39,Each,app/wp-content/app,236,Mobile,Safari,131.58.55.98,http://white.info/blog/tag/listpost.jsp,South Georgia and the South Sandwich Islands,30539327-5cdf-4565-8d62-fb691fcc1aa8
180,7,2024-01-19 04:13:09,Spring,app/categories,460,Desktop,Safari,116.98.75.43,https://www.nelson.com/tags/tag/explorelogin.html,Honduras,40c9a71b-8c47-452e-b04c-da1782d37af4
181,30,2023-11-18 10:40:46,Half,posts,423,Tablet,Opera,17.88.6.150,https://www.holland.biz/list/search/mainlogin.html,France,a21aabc2-e3ea-4183-91f8-db43453689a6
182,37,2023-08-29 11:16:02,Believe,posts/wp-content,209,Mobile,Firefox,109.236.148.192,http://www.becker.net/posts/mainhome.html,Mozambique,d1ee141a-fdce-4361-adb7-d1139e335538
183,8,2023-12-11 04:57:35,Walk,wp-content,589,Tablet,Edge,204.242.37.198,http://cruz.com/tag/tag/categoriespost.php,French Polynesia,763476a5-fa11-4b90-b5bf-f510536827f4
184,20,2024-03-21 12:46:23,Suddenly,wp-content,593,Tablet,Opera,219.98.46.126,http://harris-johnson.org/wp-contenthome.htm,Honduras,49bec5b8-c829-41f5-9593-516306d1d3dd
185,91,2024-04-30 00:46:21,Sea,search/categories,327,Mobile,Chrome,89.197.17.37,https://jimenez.biz/categoriespost.htm,Jamaica,3dc1c880-7823-4ed1-ac75-b20ed6a191bd
186,53,2023-08-22 21:23:13,Yet,posts/blog,521,Mobile,Safari,78.47.254.2,http://hood-weber.com/categories/tags/tagcategory.jsp,Ethiopia,5afda2cc-8c03-4f28-9367-714508a55fa4
187,91,2024-05-28 14:51:05,My,search/tag,341,Mobile,Firefox,175.106.105.183,http://www.wright.com/wp-contentmain.htm,Pitcairn Islands,6f9fbb61-c499-44d4-8be3-bc3178e08bd2
188,52,2023-08-31 16:10:19,He,tags/main,368,Desktop,Chrome,195.184.10.46,http://mckenzie.com/categories/explore/poststerms.html,Germany,3c8e49f0-2fa1-415b-840f-0c8055f95495
189,94,2024-02-11 15:35:10,Young,explore,324,Tablet,Firefox,143.130.238.173,http://www.coleman-burns.com/tag/tagfaq.htm,Saint Kitts and Nevis,4c7b8945-683e-4d87-8554-5813f37768a3
190,11,2024-02-26 23:14:15,Hundred,explore,61,Desktop,Opera,75.15.12.195,https://www.king-estes.com/wp-contentterms.jsp,Saint Martin,99a5b277-4886-4eee-b365-c3e68d5d6c81
191,85,2024-02-25 14:40:08,Exist,explore/wp-content,245,Desktop,Edge,3.136.158.194,https://robbins-mendoza.com/categoryauthor.htm,Netherlands,85e0fe58-8669-4fe0-bad9-f4f0523ec6e6
192,42,2024-03-18 17:06:38,I,wp-content,480,Mobile,Safari,198.144.134.155,https://howard.com/wp-contentauthor.php,French Guiana,1fc9d676-04aa-4c1d-a301-ef28fccc7524
193,18,2024-05-05 18:44:40,Change,tags,497,Tablet,Edge,94.209.238.82,https://harper.com/list/categorymain.htm,Lao People's Democratic Republic,0cba5acf-4fa7-43a8-b99d-3d950bf59611
194,3,2023-11-03 17:18:23,People,explore/categories,581,Mobile,Firefox,115.61.103.112,http://www.jones-wagner.com/main/bloglogin.jsp,Ghana,475d3bc6-fad2-4b82-81fa-af33be94743d
195,56,2023-08-17 11:09:34,Product,posts/categories,241,Mobile,Safari,138.225.218.101,https://rose.info/tag/wp-contentlogin.php,Tunisia,aa5bc48d-d27f-4397-aa85-f4a072ec1c6a
196,80,2024-04-29 14:35:20,Garden,explore/explore,261,Desktop,Opera,65.242.3.75,https://www.peterson-young.org/blog/explore/listhomepage.php,Norway,574ae78b-93eb-45a8-b681-136b9c598aa1
197,70,2024-02-22 19:56:11,Series,tags,470,Tablet,Edge,220.141.89.98,http://knight.org/postsabout.jsp,Germany,5991f5cb-c20d-4e42-81e0-d659481bc8de
198,2,2024-05-27 13:23:34,Scene,list/app/posts,265,Tablet,Edge,134.147.27.113,http://www.bass.info/wp-content/poststerms.htm,Guinea-Bissau,7b13db38-0c8c-4e7d-90d8-7c23f8c856c2
199,93,2023-09-12 21:58:45,Focus,blog,388,Desktop,Opera,166.177.142.98,https://www.mcgrath.com/app/search/categorylogin.php,Angola,67c61013-e450-4591-b2c5-5cf9e87a507d
200,74,2023-09-05 07:20:49,Month,posts/app,52,Mobile,Opera,52.103.52.153,http://www.mahoney.com/main/main/tagshome.asp,Vietnam,97ed9f2c-3978-4b30-8144-db36220cd549
